{
    "fecha_calibracion": "2025-09-18",
    "resolucion_width": 1280,
    "resolucion_height": 720,
    "matriz_camara": [
        [
            1287.6487387583034,
            0.0,
            653.1507250553722
        ],
        [
            0.0,
            1292.6677561803263,
            354.1838148756831
        ],
        [
            0.0,
            0.0,
            1.0
        ]
    ],
    "coef_dist": [
        [
            0.055283013935328966,
            0.07454007891587326,
            -0.0005661525596495488,
            -0.004720844423704709,
            -0.21670068414047733
        ]
    ],
    "matriz_rotacion": [
        [
            0.997961043687509,
            0.01647982681647485,
            -0.06166174332790779
        ],
        [
            0.02517083308442642,
            -0.9894106090671376,
            0.14294431023035453
        ],
        [
            -0.05865308554521005,
            -0.14420493047567717,
            -0.9878080550301923
        ]
    ],
    "vector_traslacion": [
        [
            -1.6409326187128777
        ],
        [
            0.9049985396879824
        ],
        [
            4.012736277868718
        ]
    ]
}