{
    "matriz_camara": [
        [
            775.7229069120443,
            0.0,
            514.422233999099
        ],
        [
            0.0,
            775.6219272770371,
            291.2467088795594
        ],
        [
            0.0,
            0.0,
            1.0
        ]
    ],
    "coef_dist": [
        [
            0.0320643863516893,
            -0.16395564498449022,
            -0.0010283920365795679,
            0.0024959198735396357,
            0.13824365223541055
        ]
    ],
    "fecha_calibracion": "2025-09-02"
}